{"map":"g1","plan":{"my":{"waypoint":[{"name":"123","pose":{"position":{"x":-0.18149109226631754,"y":-1.1640806055909505,"z":0.01},"orientation":{"x":0,"y":0,"z":-0.7941570062879187,"w":0.6077126371598757}},"type":"stop_point"},{"name":"1234","pose":{"position":{"x":0.7217339109088954,"y":-0.42514820896795935,"z":0.01},"orientation":{"x":0,"y":0,"z":-0.9938574009026161,"w":-0.11066827310072669}},"type":"pass_point"}],"chargepoint":[{"name":"12123123","pose":{"position":{"x":0.8744088903789002,"y":-2.0363452313115693,"z":0.01},"orientation":{"x":0,"y":0,"z":0.6101567240934247,"w":0.7922807406744028}},"type":"charge"}]}}}