{"map":"newTest","plan":{"newTestna":{"waypoint":[{"name":"1","pose":{"position":{"x":-0.481386205686436,"y":-0.46397293470743417,"z":0.01},"orientation":{"x":0,"y":0,"z":0,"w":1}},"type":"stop_point"},{"name":"2","pose":{"position":{"x":0.11924553521166503,"y":-2.0189840005453767,"z":0.01},"orientation":{"x":0,"y":0,"z":0,"w":1}},"type":"pass_point"}],"chargepoint":[{"name":"3","pose":{"position":{"x":-1.956089465794511,"y":-0.2777936155140184,"z":0.01},"orientation":{"x":0,"y":0,"z":0.10031135522665409,"w":0.9949560955200948}},"type":"charge"}]}}}