{"map":"DE2","plan":{"D1":{"waypoint":[{"name":"1","pose":{"position":{"x":-0.31880056340806595,"y":1.7624158220307125,"z":0.01},"orientation":{"x":0,"y":0,"z":0,"w":1}},"type":"pass_point"},{"name":"2","pose":{"position":{"x":0.5858211677467349,"y":1.7501671347590795,"z":0.01},"orientation":{"x":0,"y":0,"z":0,"w":1}},"type":"stop_point"}],"chargepoint":[{"name":"C1","pose":{"position":{"x":0.5858211677467349,"y":-1.9044010651756464,"z":0.01},"orientation":{"x":0,"y":0,"z":0,"w":1}},"type":"charge"}]}}}