{"map":"Tetsna","plan":{"1":{"waypoint":[{"name":"12","pose":{"position":{"x":0.7054480161577716,"y":0.6881146330783785,"z":0.01},"orientation":{"x":0,"y":0,"z":0,"w":1}},"type":"stop_point"},{"name":"123","pose":{"position":{"x":1.0191194855117698,"y":-0.7358949573857481,"z":0.01},"orientation":{"x":0,"y":0,"z":0,"w":1}},"type":"pass_point"}],"chargepoint":[{"name":"1","pose":{"position":{"x":0.5333519169799081,"y":-2.0247453459004667,"z":0.01},"orientation":{"x":0,"y":0,"z":0,"w":1}},"type":"charge"}]},"2":{"waypoint":[],"chargepoint":[{"name":"3","pose":{"position":{"x":0.8751996250567049,"y":0.49706131424938,"z":0.01},"orientation":{"x":0,"y":0,"z":0,"w":1}},"type":"charge"}]},"my-test":{"waypoint":[{"name":"1","pose":{"position":{"x":0.45509437953716536,"y":-1.9306716888259163,"z":0.01},"orientation":{"x":0,"y":0,"z":0,"w":1}},"type":"stop_point"},{"name":"2","pose":{"position":{"x":0.4771732165980962,"y":1.9328901700608838,"z":0.01},"orientation":{"x":0,"y":0,"z":0,"w":1}},"type":"stop_point"}],"chargepoint":[{"name":"11","pose":{"position":{"x":0.6287634112726126,"y":-0.4697571949336446,"z":0.01},"orientation":{"x":0,"y":0,"z":0,"w":1}},"type":"charge"}]}}}