{"map":"10set-test","plan":{"test":{"waypoint":[{"name":"p2","pose":{"position":{"x":-1.017027169247521,"y":-7.285183761035022,"z":0.01},"orientation":{"x":0,"y":0,"z":-0.7508593016891354,"w":0.6604621935182242}},"type":"pass_point"},{"name":"g1","pose":{"position":{"x":-2.3588346912616203,"y":-13.153174871825422,"z":0.01},"orientation":{"x":0,"y":0,"z":-0.6972702528867127,"w":-0.7168083387065889}},"type":"stop_point"},{"name":"g2","pose":{"position":{"x":-1.0309335970165427,"y":-7.320998986681071,"z":0.009999999999998224},"orientation":{"x":0,"y":0,"z":0.6464837798705011,"w":0.7629277307611446}},"type":"pass_point"},{"name":"g5","pose":{"position":{"x":0.12734047133034476,"y":0.3250619352716635,"z":0.01},"orientation":{"x":0,"y":0,"z":-0.7313584536428849,"w":0.6819932641053637}},"type":"stop_point"}],"chargepoint":[{"name":"0","pose":{"position":{"x":0.10406836541705447,"y":0.3639325154705638,"z":0.01},"orientation":{"x":0,"y":0,"z":-0.7492368798595295,"w":0.6623021197749235}},"type":"charge"}]}}}