{"map":"Robotsup01","plan":{"test01":{"waypoint":[{"name":"goal","pose":{"position":{"x":-0.8208944596141377,"y":0.7744589341273898,"z":0.01},"orientation":{"x":0,"y":0,"z":0.948362835867059,"w":0.31718753371812974}},"type":"stop_point"}],"chargepoint":[{"name":"home","pose":{"position":{"x":0.21213151627712812,"y":0.13821666256240214,"z":0.01},"orientation":{"x":0,"y":0,"z":0.9174473274801894,"w":0.39785726246916514}},"type":"charge"}]}}}