{"map":"Test02","plan":{"test02":{"waypoint":[{"name":"2","pose":{"position":{"x":1.48302590588813,"y":-0.013763825538797736,"z":0.01},"orientation":{"x":0,"y":0,"z":0,"w":1}},"type":"stop_point"},{"name":"1","pose":{"position":{"x":0.515451763635628,"y":0.016605249833278712,"z":0.01},"orientation":{"x":0,"y":0,"z":0,"w":1}},"type":"stop_point"}],"chargepoint":[{"name":"Home","pose":{"position":{"x":-0.3647588248224545,"y":0.1554024587497671,"z":0.01},"orientation":{"x":0,"y":0,"z":0,"w":1}},"type":"charge"}]}}}