{"map":"test10V2","plan":{"test02":{"waypoint":[{"name":"1","pose":{"position":{"x":-4.557456297571527,"y":-2.9593678183717307,"z":0.01},"orientation":{"x":0,"y":0,"z":0.943968618243526,"w":-0.33003522201639085}},"type":"pass_point"},{"name":"G1","pose":{"position":{"x":-9.028425571617579,"y":-6.963020026999787,"z":0.01},"orientation":{"x":0,"y":0,"z":0.366148607551993,"w":0.930556391191709}},"type":"stop_point"}],"chargepoint":[{"name":"home","pose":{"position":{"x":-0.2548766252944382,"y":0.605612816427221,"z":0.01},"orientation":{"x":0,"y":0,"z":0.9280529436646893,"w":-0.3724482967544691}},"type":"charge"}]}}}