{"map":"testmap10","plan":{"testmap10":{"waypoint":[{"name":"Goal1","pose":{"position":{"x":9.573752407252726,"y":-10.012000302323441,"z":0.01},"orientation":{"x":0,"y":0,"z":0.9998525823419829,"w":0.017170136402142832}},"type":"stop_point"},{"name":"Goal2","pose":{"position":{"x":0.9561834141910088,"y":-9.698289242322254,"z":0.010000000000003553},"orientation":{"x":0,"y":0,"z":0.995386766953472,"w":-0.09594365103494061}},"type":"stop_point"}],"chargepoint":[{"name":"home","pose":{"position":{"x":16.620804471104943,"y":-10.264507565893787,"z":0.01},"orientation":{"x":0,"y":0,"z":0.9996481382820754,"w":0.02652545247833838}},"type":"charge"}]}}}