{"map":"p123","plan":{"GG":{"waypoint":[{"name":"1","pose":{"position":{"x":0.134707090255489,"y":0.18816666541365135,"z":0.01},"orientation":{"x":0,"y":0,"z":-0.9975800808827332,"w":-0.06952684536206027}},"type":"pass_point"}],"chargepoint":[{"name":"123","pose":{"position":{"x":0.482065912658562,"y":0.1275294354131533,"z":0.01},"orientation":{"x":0,"y":0,"z":0,"w":1}},"type":"charge"}]}}}