{"map":"t2","plan":{"tttm1":{"waypoint":[{"name":"p1","pose":{"position":{"x":0.2661362761920918,"y":2.269307992514684,"z":0.01},"orientation":{"x":0,"y":0,"z":-0.7198472270137526,"w":0.6941325304007954}},"type":"stop_point"},{"name":"p2","pose":{"position":{"x":0.29267587557585983,"y":1.1745179580593252,"z":0.010000000000000444},"orientation":{"x":0,"y":0,"z":0.7148201559076149,"w":-0.6993083330750558}},"type":"stop_point"},{"name":"p3","pose":{"position":{"x":0.30546922186640124,"y":0.2473852501996633,"z":0.009999999999999556},"orientation":{"x":0,"y":0,"z":-0.7067307628919385,"w":0.707482599632089}},"type":"stop_point"}],"chargepoint":[{"name":"C","pose":{"position":{"x":0.1,"y":-0.1268698493613295,"z":0.01},"orientation":{"x":0,"y":0,"z":0,"w":1}},"type":"charge"}]}}}