{"map":"testSTEM","plan":{"p11":{"waypoint":[{"name":"S1","pose":{"position":{"x":1.2355948008686026,"y":-2.9281711759547715,"z":0.01},"orientation":{"x":0,"y":0,"z":0.6754200053163993,"w":-0.7374332623488008}},"type":"stop_point"},{"name":"S2","pose":{"position":{"x":1.2964893598305955,"y":-5.907747127626996,"z":0.009999999999998224},"orientation":{"x":0,"y":0,"z":0.7076073445155561,"w":-0.7066058632559196}},"type":"stop_point"},{"name":"P1","pose":{"position":{"x":-0.9901293832650255,"y":-5.7634077490710105,"z":0.009999999999999112},"orientation":{"x":0,"y":0,"z":-0.691701583707897,"w":-0.7221834386746814}},"type":"pass_point"},{"name":"P2","pose":{"position":{"x":-0.808384258807596,"y":-0.997056310852368,"z":0.01},"orientation":{"x":0,"y":0,"z":-0.6811606834620442,"w":-0.732133951750307}},"type":"pass_point"}],"chargepoint":[{"name":"C","pose":{"position":{"x":-0.0022800456064349106,"y":-0.006628886088116737,"z":0.010000000000000444},"orientation":{"x":0,"y":0,"z":0,"w":1}},"type":"charge"}]}}}